DATE,PCE,FEDFUNDS,UNRATE,CPIAUCSL,PAYEMS
2024-05-01,,5.33 ,4.00 ,,158534.00 
2024-04-01,19340.60 ,5.33 ,3.90 ,313.21 ,158286.00 
2024-03-01,19301.50 ,5.33 ,3.80 ,312.23 ,158111.00 
2024-02-01,19158.40 ,5.33 ,3.90 ,311.05 ,157796.00 
2024-01-01,19032.70 ,5.33 ,3.70 ,309.69 ,157560.00 
2023-12-01,19013.70 ,5.33 ,3.70 ,308.74 ,157304.00 
2023-11-01,18903.00 ,5.33 ,3.70 ,308.02 ,157014.00 
2023-10-01,18826.80 ,5.33 ,3.80 ,307.53 ,156832.00 
2023-09-01,18791.50 ,5.33 ,3.80 ,307.29 ,156667.00 
2023-08-01,18651.60 ,5.33 ,3.80 ,306.19 ,156421.00 
2023-07-01,18595.40 ,5.12 ,3.50 ,304.63 ,156211.00 
2023-06-01,18485.40 ,5.08 ,3.60 ,304.00 ,156027.00 
2023-05-01,18407.80 ,5.06 ,3.70 ,303.37 ,155787.00 
2023-04-01,18363.80 ,4.83 ,3.40 ,303.03 ,155484.00 
2023-03-01,18282.60 ,4.65 ,3.50 ,301.74 ,155206.00 
2023-02-01,18296.50 ,4.57 ,3.60 ,301.51 ,155060.00 
2023-01-01,18229.60 ,4.33 ,3.40 ,300.36 ,154773.00 
2022-12-01,17943.60 ,4.10 ,3.50 ,298.81 ,154291.00 
2022-11-01,17892.50 ,3.78 ,3.60 ,298.65 ,154155.00 
2022-10-01,17915.10 ,3.08 ,3.60 ,297.86 ,153897.00 
2022-09-01,17804.00 ,2.56 ,3.50 ,296.34 ,153536.00 
2022-08-01,17692.20 ,2.33 ,3.60 ,295.21 ,153281.00 
2022-07-01,17556.40 ,1.68 ,3.50 ,294.98 ,153038.00 
2022-06-01,17550.00 ,1.21 ,3.60 ,295.00 ,152348.00 
2022-05-01,17384.80 ,0.77 ,3.60 ,291.36 ,151928.00 
2022-04-01,17310.50 ,0.33 ,3.70 ,288.76 ,151642.00 
2022-03-01,17203.60 ,0.20 ,3.60 ,287.55 ,151370.00 
2022-02-01,16999.70 ,0.08 ,3.80 ,284.54 ,150876.00 
2022-01-01,16888.60 ,0.08 ,4.00 ,282.39 ,150014.00 
2021-12-01,16799.20 ,0.08 ,3.90 ,280.81 ,149763.00 
2021-11-01,16741.60 ,0.08 ,4.10 ,278.80 ,149197.00 
2021-10-01,16613.80 ,0.08 ,4.50 ,276.43 ,148566.00 
2021-09-01,16398.90 ,0.08 ,4.70 ,273.89 ,147706.00 
2021-08-01,16305.60 ,0.09 ,5.10 ,272.79 ,147226.00 
2021-07-01,16150.80 ,0.10 ,5.40 ,271.99 ,146761.00 
2021-06-01,16108.50 ,0.08 ,5.90 ,270.66 ,145822.00 
2021-05-01,15890.00 ,0.06 ,5.80 ,268.45 ,145044.00 
2021-04-01,15854.10 ,0.07 ,6.10 ,266.75 ,144593.00 
2021-03-01,15657.60 ,0.07 ,6.10 ,264.91 ,144274.00 
2021-02-01,14948.20 ,0.08 ,6.20 ,263.58 ,143443.00 
2021-01-01,15047.30 ,0.09 ,6.40 ,262.52 ,142916.00 
2020-12-01,14801.80 ,0.09 ,6.70 ,262.01 ,142518.00 
2020-11-01,14675.80 ,0.09 ,6.70 ,260.90 ,142761.00 
2020-10-01,14702.50 ,0.09 ,6.80 ,260.25 ,142493.00 
2020-09-01,14655.00 ,0.09 ,7.80 ,259.95 ,141820.00 
2020-08-01,14428.40 ,0.10 ,8.40 ,259.37 ,140774.00 
2020-07-01,14285.10 ,0.09 ,10.20 ,258.41 ,139240.00 
2020-06-01,14027.10 ,0.08 ,11.00 ,257.00 ,137655.00 
2020-05-01,13251.40 ,0.05 ,13.20 ,255.85 ,133040.00 
2020-04-01,12228.30 ,0.05 ,14.80 ,256.13 ,130421.00 
2020-03-01,13793.00 ,0.65 ,4.40 ,258.15 ,150898.00 
2020-02-01,14810.70 ,1.58 ,3.50 ,259.25 ,152309.00 
2020-01-01,14815.70 ,1.55 ,3.60 ,258.91 ,152045.00 
2019-12-01,14741.30 ,1.55 ,3.60 ,258.63 ,151792.00 
2019-11-01,14678.60 ,1.55 ,3.60 ,257.88 ,151666.00 
2019-10-01,14584.00 ,1.83 ,3.60 ,257.16 ,151458.00 
2019-09-01,14555.60 ,2.04 ,3.50 ,256.43 ,151358.00 
2019-08-01,14525.70 ,2.13 ,3.60 ,256.04 ,151155.00 
2019-07-01,14471.80 ,2.40 ,3.70 ,255.80 ,150934.00 
2019-06-01,14391.20 ,2.38 ,3.60 ,255.21 ,150844.00 
2019-05-01,14340.80 ,2.39 ,3.60 ,255.30 ,150640.00 
2019-04-01,14278.30 ,2.42 ,3.70 ,255.23 ,150602.00 
2019-03-01,14240.10 ,2.41 ,3.80 ,254.28 ,150294.00 
2019-02-01,14115.50 ,2.40 ,3.80 ,253.32 ,150067.00 
2019-01-01,14088.40 ,2.40 ,4.00 ,252.56 ,150062.00 
2018-12-01,14051.60 ,2.27 ,3.90 ,252.77 ,149804.00 
2018-11-01,14162.90 ,2.20 ,3.80 ,252.59 ,149622.00 
2018-10-01,14083.10 ,2.19 ,3.80 ,252.77 ,149525.00 
2018-09-01,14017.80 ,1.95 ,3.70 ,252.18 ,149361.00 
2018-08-01,14014.00 ,1.91 ,3.80 ,251.66 ,149274.00 
2018-07-01,13974.80 ,1.91 ,3.80 ,251.21 ,149023.00 
2018-06-01,13930.40 ,1.82 ,4.00 ,251.02 ,148968.00 
2018-05-01,13905.00 ,1.70 ,3.80 ,250.79 ,148755.00 
2018-04-01,13838.40 ,1.69 ,4.00 ,250.23 ,148426.00 
2018-03-01,13793.20 ,1.51 ,4.00 ,249.58 ,148280.00 
2018-02-01,13738.70 ,1.42 ,4.10 ,249.53 ,148054.00 
2018-01-01,13703.30 ,1.41 ,4.00 ,248.86 ,147667.00 
2017-12-01,13666.10 ,1.30 ,4.10 ,247.81 ,147521.00 
2017-11-01,13540.60 ,1.16 ,4.20 ,247.28 ,147375.00 
2017-10-01,13447.50 ,1.15 ,4.20 ,246.63 ,147146.00 
2017-09-01,13417.30 ,1.15 ,4.30 ,246.44 ,146999.00 
2017-08-01,13294.60 ,1.16 ,4.40 ,245.18 ,146907.00 
2017-07-01,13263.30 ,1.15 ,4.30 ,244.24 ,146772.00 
2017-06-01,13225.20 ,1.04 ,4.30 ,244.16 ,146588.00 
2017-05-01,13171.90 ,0.91 ,4.40 ,244.00 ,146389.00 
2017-04-01,13169.20 ,0.90 ,4.40 ,244.19 ,146173.00 
2017-03-01,13139.90 ,0.79 ,4.40 ,243.89 ,145976.00 
2017-02-01,13088.40 ,0.66 ,4.60 ,244.01 ,145848.00 
2017-01-01,13063.70 ,0.65 ,4.70 ,243.62 ,145636.00 
2016-12-01,13005.90 ,0.54 ,4.70 ,242.64 ,145410.00 
2016-11-01,12893.00 ,0.41 ,4.70 ,242.03 ,145188.00 
2016-10-01,12867.00 ,0.40 ,4.90 ,241.74 ,145069.00 
2016-09-01,12846.60 ,0.40 ,5.00 ,241.18 ,144961.00 
2016-08-01,12788.10 ,0.40 ,4.90 ,240.55 ,144664.00 
2016-07-01,12756.70 ,0.39 ,4.80 ,240.10 ,144515.00 
2016-06-01,12731.20 ,0.38 ,4.90 ,240.22 ,144152.00 
2016-05-01,12652.70 ,0.37 ,4.80 ,239.56 ,143901.00 
2016-04-01,12611.50 ,0.37 ,5.10 ,238.99 ,143856.00 
2016-03-01,12537.00 ,0.36 ,5.00 ,238.08 ,143666.00 
2016-02-01,12554.50 ,0.38 ,4.90 ,237.34 ,143411.00 
2016-01-01,12478.00 ,0.34 ,4.80 ,237.65 ,143196.00 
2015-12-01,12452.00 ,0.24 ,5.00 ,237.76 ,143083.00 
2015-11-01,12423.20 ,0.12 ,5.10 ,238.02 ,142810.00 
2015-10-01,12394.90 ,0.12 ,5.00 ,237.73 ,142584.00 
2015-09-01,12386.40 ,0.14 ,5.00 ,237.50 ,142265.00 
2015-08-01,12396.20 ,0.14 ,5.10 ,238.03 ,142130.00 
2015-07-01,12364.90 ,0.13 ,5.20 ,238.03 ,141989.00 
2015-06-01,12307.90 ,0.13 ,5.30 ,237.66 ,141695.00 
2015-05-01,12275.40 ,0.12 ,5.60 ,237.00 ,141539.00 
2015-04-01,12209.10 ,0.12 ,5.40 ,236.22 ,141202.00 
2015-03-01,12176.10 ,0.11 ,5.40 ,235.98 ,140925.00 
2015-02-01,12116.60 ,0.11 ,5.50 ,235.34 ,140831.00 
2015-01-01,12066.70 ,0.11 ,5.70 ,234.75 ,140562.00 
2014-12-01,12096.10 ,0.12 ,5.60 ,236.25 ,140366.00 
2014-11-01,12083.90 ,0.09 ,5.80 ,236.98 ,140088.00 
2014-10-01,12064.70 ,0.09 ,5.70 ,237.43 ,139804.00 
2014-09-01,11991.40 ,0.09 ,5.90 ,237.48 ,139564.00 
2014-08-01,11983.70 ,0.09 ,6.10 ,237.46 ,139257.00 
2014-07-01,11904.40 ,0.09 ,6.20 ,237.50 ,139076.00 
2014-06-01,11861.70 ,0.10 ,6.10 ,237.23 ,138833.00 
2014-05-01,11807.30 ,0.09 ,6.30 ,236.92 ,138500.00 
2014-04-01,11762.30 ,0.09 ,6.20 ,236.47 ,138298.00 
2014-03-01,11722.30 ,0.08 ,6.70 ,236.03 ,137987.00 
2014-02-01,11636.90 ,0.07 ,6.70 ,235.55 ,137710.00 
2014-01-01,11578.80 ,0.07 ,6.60 ,235.29 ,137551.00 
2013-12-01,11593.20 ,0.09 ,6.70 ,234.72 ,137367.00 
2013-11-01,11562.50 ,0.08 ,6.90 ,234.10 ,137312.00 
2013-10-01,11498.00 ,0.09 ,7.20 ,233.67 ,137039.00 
2013-09-01,11445.90 ,0.08 ,7.20 ,233.54 ,136819.00 
2013-08-01,11406.60 ,0.08 ,7.20 ,233.46 ,136634.00 
2013-07-01,11372.60 ,0.09 ,7.30 ,232.90 ,136391.00 
2013-06-01,11344.40 ,0.09 ,7.50 ,232.45 ,136269.00 
2013-05-01,11321.60 ,0.11 ,7.50 ,231.89 ,136090.00 
2013-04-01,11281.10 ,0.15 ,7.60 ,231.80 ,135876.00 
2013-03-01,11290.10 ,0.14 ,7.50 ,232.28 ,135690.00 
2013-02-01,11290.50 ,0.15 ,7.70 ,232.94 ,135548.00 
2013-01-01,11252.40 ,0.14 ,8.00 ,231.68 ,135263.00 
2012-12-01,11181.20 ,0.16 ,7.90 ,231.22 ,135074.00 
2012-11-01,11178.40 ,0.16 ,7.70 ,231.25 ,134831.00 
2012-10-01,11137.40 ,0.16 ,7.80 ,231.64 ,134672.00 
2012-09-01,11105.30 ,0.14 ,7.80 ,231.02 ,134512.00 
2012-08-01,11056.00 ,0.13 ,8.10 ,229.92 ,134329.00 
2012-07-01,11016.80 ,0.16 ,8.20 ,228.59 ,134153.00 
2012-06-01,10989.80 ,0.16 ,8.20 ,228.52 ,134008.00 
2012-05-01,11006.80 ,0.16 ,8.20 ,228.71 ,133935.00 
2012-04-01,11018.50 ,0.14 ,8.20 ,229.19 ,133828.00 
2012-03-01,10993.90 ,0.13 ,8.20 ,228.81 ,133745.00 
2012-02-01,10987.20 ,0.10 ,8.30 ,228.33 ,133521.00 
2012-01-01,10896.80 ,0.08 ,8.30 ,227.84 ,133243.00 
2011-12-01,10817.80 ,0.07 ,8.50 ,227.22 ,132902.00 
2011-11-01,10806.80 ,0.08 ,8.60 ,227.17 ,132701.00 
2011-10-01,10802.90 ,0.07 ,8.80 ,226.75 ,132557.00 
2011-09-01,10783.20 ,0.08 ,9.00 ,226.60 ,132346.00 
2011-08-01,10750.30 ,0.10 ,9.00 ,226.11 ,132123.00 
2011-07-01,10731.60 ,0.07 ,9.00 ,225.40 ,131992.00 
2011-06-01,10694.80 ,0.09 ,9.10 ,224.81 ,131936.00 
2011-05-01,10672.20 ,0.09 ,9.00 ,224.81 ,131704.00 
2011-04-01,10652.10 ,0.10 ,9.10 ,224.09 ,131604.00 
2011-03-01,10619.70 ,0.14 ,9.00 ,223.05 ,131278.00 
2011-02-01,10540.60 ,0.16 ,9.00 ,221.90 ,131054.00 
2011-01-01,10514.30 ,0.17 ,9.10 ,221.19 ,130839.00 
2010-12-01,10471.00 ,0.18 ,9.30 ,220.47 ,130836.00 
2010-11-01,10433.60 ,0.19 ,9.80 ,219.59 ,130754.00 
2010-10-01,10386.40 ,0.19 ,9.40 ,219.04 ,130620.00 
2010-09-01,10327.10 ,0.19 ,9.50 ,218.28 ,130340.00 
2010-08-01,10307.10 ,0.19 ,9.50 ,217.92 ,130423.00 
2010-07-01,10268.10 ,0.18 ,9.40 ,217.61 ,130420.00 
2010-06-01,10231.30 ,0.18 ,9.40 ,217.20 ,130501.00 
2010-05-01,10210.80 ,0.20 ,9.60 ,217.29 ,130645.00 
2010-04-01,10182.30 ,0.20 ,9.90 ,217.40 ,130115.00 
2010-03-01,10156.00 ,0.16 ,9.90 ,217.35 ,129865.00 
2010-02-01,10093.40 ,0.13 ,9.80 ,217.28 ,129702.00 
2010-01-01,10056.10 ,0.11 ,9.80 ,217.49 ,129795.00 
2009-12-01,10052.60 ,0.12 ,9.90 ,217.35 ,129807.00 
2009-11-01,9985.70 ,0.12 ,9.90 ,217.23 ,130059.00 
2009-10-01,9976.70 ,0.12 ,10.00 ,216.51 ,130061.00 
2009-09-01,9927.80 ,0.15 ,9.80 ,215.86 ,130241.00 
2009-08-01,10004.10 ,0.16 ,9.60 ,215.45 ,130480.00 
2009-07-01,9886.30 ,0.16 ,9.50 ,214.73 ,130661.00 
2009-06-01,9852.40 ,0.21 ,9.50 ,214.79 ,131003.00 
2009-05-01,9791.60 ,0.18 ,9.40 ,213.02 ,131470.00 
2009-04-01,9772.50 ,0.15 ,9.00 ,212.71 ,131825.00 
2009-03-01,9773.20 ,0.18 ,8.70 ,212.50 ,132494.00 
2009-02-01,9824.50 ,0.22 ,8.30 ,212.71 ,133314.00 
2009-01-01,9847.20 ,0.15 ,7.80 ,211.93 ,134066.00 
2008-12-01,9801.50 ,0.16 ,7.30 ,211.40 ,134848.00 
2008-11-01,9885.20 ,0.39 ,6.80 ,213.15 ,135546.00 
2008-10-01,10034.10 ,0.97 ,6.50 ,217.00 ,136294.00 
2008-09-01,10116.40 ,1.81 ,6.10 ,218.88 ,136759.00 
2008-08-01,10175.70 ,2.00 ,6.10 ,218.69 ,137209.00 
2008-07-01,10185.10 ,2.01 ,5.80 ,219.02 ,137492.00 
2008-06-01,10187.10 ,2.00 ,5.60 ,217.46 ,137689.00 
2008-05-01,10132.30 ,1.98 ,5.40 ,215.21 ,137847.00 
2008-04-01,10070.30 ,2.28 ,5.00 ,213.94 ,138037.00 
2008-03-01,10035.30 ,2.61 ,5.10 ,213.45 ,138256.00 
2008-02-01,9981.70 ,2.98 ,4.90 ,212.69 ,138326.00 
2008-01-01,9996.40 ,3.94 ,5.00 ,212.17 ,138397.00 
2007-12-01,9972.80 ,4.24 ,5.00 ,211.45 ,138396.00 
2007-11-01,9955.90 ,4.49 ,4.70 ,210.83 ,138291.00 
2007-10-01,9882.70 ,4.76 ,4.70 ,209.19 ,138175.00 
2007-09-01,9845.10 ,4.94 ,4.70 ,208.55 ,138103.00 
2007-08-01,9798.90 ,5.02 ,4.60 ,207.67 ,138017.00 
2007-07-01,9751.10 ,5.26 ,4.70 ,207.60 ,138042.00 
2007-06-01,9706.80 ,5.25 ,4.60 ,207.23 ,138072.00 
2007-05-01,9685.80 ,5.25 ,4.40 ,206.76 ,137993.00 
2007-04-01,9643.60 ,5.25 ,4.50 ,205.90 ,137842.00 
2007-03-01,9611.70 ,5.26 ,4.40 ,205.29 ,137782.00 
2007-02-01,9566.00 ,5.26 ,4.50 ,204.23 ,137556.00 
2007-01-01,9538.70 ,5.25 ,4.60 ,203.44 ,137475.00 
2006-12-01,9488.30 ,5.24 ,4.40 ,203.10 ,137251.00 
2006-11-01,9400.20 ,5.25 ,4.50 ,202.00 ,137068.00 
2006-10-01,9393.60 ,5.25 ,4.40 ,201.90 ,136849.00 
2006-09-01,9375.40 ,5.25 ,4.50 ,202.80 ,136825.00 
2006-08-01,9342.20 ,5.25 ,4.70 ,203.80 ,136688.00 
2006-07-01,9343.80 ,5.24 ,4.70 ,202.90 ,136522.00 
2006-06-01,9259.60 ,4.99 ,4.60 ,201.80 ,136328.00 
2006-05-01,9231.80 ,4.94 ,4.60 ,201.30 ,136247.00 
2006-04-01,9191.60 ,4.79 ,4.70 ,200.70 ,136210.00 
2006-03-01,9132.90 ,4.59 ,4.70 ,199.70 ,136041.00 
2006-02-01,9096.00 ,4.49 ,4.80 ,199.40 ,135732.00 
2006-01-01,9071.60 ,4.29 ,4.70 ,199.30 ,135425.00 
2005-12-01,8981.10 ,4.16 ,4.90 ,198.10 ,135160.00 
2005-11-01,8946.20 ,4.00 ,5.00 ,198.10 ,135001.00 
2005-10-01,8938.50 ,3.78 ,5.00 ,199.10 ,134646.00 
2005-09-01,8900.40 ,3.62 ,5.00 ,198.80 ,134552.00 
2005-08-01,8850.10 ,3.50 ,4.90 ,196.10 ,134495.00 
2005-07-01,8853.80 ,3.26 ,5.00 ,194.90 ,134297.00 
2005-06-01,8753.40 ,3.04 ,5.00 ,193.70 ,133939.00 
2005-05-01,8671.60 ,3.00 ,5.10 ,193.60 ,133687.00 
2005-04-01,8678.40 ,2.79 ,5.20 ,193.70 ,133515.00 
2005-03-01,8598.40 ,2.63 ,5.20 ,193.10 ,133154.00 
2005-02-01,8559.10 ,2.50 ,5.40 ,192.40 ,133033.00 
2005-01-01,8497.70 ,2.28 ,5.30 ,191.60 ,132779.00 
2004-12-01,8504.40 ,2.16 ,5.40 ,191.70 ,132633.00 
2004-11-01,8444.50 ,1.93 ,5.40 ,191.70 ,132509.00 
2004-10-01,8397.10 ,1.76 ,5.50 ,190.80 ,132435.00 
2004-09-01,8341.50 ,1.61 ,5.40 ,189.80 ,132083.00 
2004-08-01,8271.60 ,1.43 ,5.40 ,189.20 ,131936.00 
2004-07-01,8236.90 ,1.26 ,5.50 ,189.10 ,131850.00 
2004-06-01,8157.60 ,1.03 ,5.60 ,188.90 ,131789.00 
2004-05-01,8176.50 ,1.00 ,5.60 ,188.20 ,131693.00 
2004-04-01,8107.20 ,1.00 ,5.60 ,187.40 ,131409.00 
2004-03-01,8098.80 ,1.00 ,5.80 ,187.10 ,131139.00 
2004-02-01,8040.40 ,1.01 ,5.60 ,186.70 ,130822.00 
2004-01-01,8007.10 ,1.00 ,5.70 ,186.30 ,130766.00 
2003-12-01,7950.40 ,0.98 ,5.70 ,185.50 ,130594.00 
2003-11-01,7922.60 ,1.00 ,5.80 ,185.00 ,130482.00 
2003-10-01,7867.40 ,1.01 ,6.00 ,184.90 ,130439.00 
2003-09-01,7853.70 ,1.01 ,6.10 ,185.10 ,130252.00 
2003-08-01,7852.10 ,1.03 ,6.10 ,184.50 ,130153.00 
2003-07-01,7757.00 ,1.01 ,6.20 ,183.70 ,130184.00 
2003-06-01,7699.60 ,1.22 ,6.30 ,183.10 ,130192.00 
2003-05-01,7650.30 ,1.26 ,6.10 ,182.90 ,130196.00 
2003-04-01,7634.50 ,1.26 ,6.00 ,183.20 ,130176.00 
2003-03-01,7611.50 ,1.25 ,5.90 ,183.90 ,130232.00 
2003-02-01,7548.60 ,1.26 ,5.90 ,183.60 ,130443.00 
2003-01-01,7541.30 ,1.24 ,5.80 ,182.60 ,130580.00 
2002-12-01,7519.90 ,1.24 ,6.00 ,181.80 ,130469.00 
2002-11-01,7463.80 ,1.34 ,5.90 ,181.50 ,130617.00 
2002-10-01,7435.20 ,1.75 ,5.70 ,181.20 ,130621.00 
2002-09-01,7391.50 ,1.75 ,5.70 ,180.80 ,130498.00 
2002-08-01,7412.60 ,1.74 ,5.70 ,180.50 ,130587.00 
2002-07-01,7387.30 ,1.73 ,5.80 ,180.00 ,130585.00 
2002-06-01,7322.50 ,1.75 ,5.80 ,179.60 ,130682.00 
2002-05-01,7288.90 ,1.75 ,5.80 ,179.50 ,130632.00 
2002-04-01,7312.50 ,1.75 ,5.90 ,179.30 ,130616.00 
2002-03-01,7243.40 ,1.73 ,5.70 ,178.50 ,130720.00 
2002-02-01,7225.20 ,1.74 ,5.70 ,178.00 ,130732.00 
2002-01-01,7184.60 ,1.73 ,5.70 ,177.70 ,130853.00 
2001-12-01,7166.70 ,1.82 ,5.70 ,177.40 ,130984.00 
2001-11-01,7182.30 ,2.09 ,5.50 ,177.50 ,131141.00 
2001-10-01,7212.90 ,2.49 ,5.30 ,177.60 ,131452.00 
2001-09-01,7007.00 ,3.07 ,5.00 ,178.10 ,131765.00 
2001-08-01,7121.70 ,3.65 ,4.90 ,177.40 ,132024.00 
2001-07-01,7082.30 ,3.77 ,4.60 ,177.40 ,132173.00 
2001-06-01,7069.70 ,3.97 ,4.50 ,177.70 ,132296.00 
2001-05-01,7052.80 ,4.21 ,4.30 ,177.30 ,132411.00 
2001-04-01,7004.20 ,4.80 ,4.40 ,176.40 ,132455.00 
2001-03-01,6996.70 ,5.31 ,4.30 ,176.10 ,132751.00 
2001-02-01,7001.80 ,5.49 ,4.20 ,176.00 ,132786.00 
2001-01-01,6987.40 ,5.98 ,4.20 ,175.60 ,132699.00 
2000-12-01,6952.20 ,6.40 ,3.90 ,174.60 ,132718.00 
2000-11-01,6909.80 ,6.51 ,3.90 ,174.20 ,132553.00 
2000-10-01,6893.80 ,6.51 ,3.90 ,173.90 ,132352.00 
2000-09-01,6888.60 ,6.52 ,3.90 ,173.60 ,132357.00 
2000-08-01,6802.80 ,6.50 ,4.10 ,172.70 ,132231.00 
2000-07-01,6768.50 ,6.54 ,4.00 ,172.70 ,132228.00 
2000-06-01,6746.90 ,6.53 ,4.00 ,172.20 ,132060.00 
2000-05-01,6709.70 ,6.27 ,4.00 ,171.20 ,132106.00 
2000-04-01,6679.10 ,6.02 ,3.80 ,170.90 ,131883.00 
2000-03-01,6686.50 ,5.85 ,4.00 ,171.00 ,131604.00 
2000-02-01,6625.30 ,5.73 ,4.10 ,170.00 ,131120.00 
2000-01-01,6542.90 ,5.45 ,4.00 ,169.30 ,131009.00 
1999-12-01,6541.00 ,5.30 ,4.00 ,168.80 ,130781.00 
1999-11-01,6448.70 ,5.42 ,4.10 ,168.40 ,130467.00 
1999-10-01,6411.40 ,5.20 ,4.10 ,168.10 ,130179.00 
1999-09-01,6386.50 ,5.22 ,4.20 ,167.80 ,129781.00 
1999-08-01,6331.90 ,5.07 ,4.20 ,167.10 ,129569.00 
1999-07-01,6287.60 ,4.99 ,4.30 ,166.70 ,129423.00 
1999-06-01,6260.30 ,4.76 ,4.30 ,166.00 ,129088.00 
1999-05-01,6232.10 ,4.74 ,4.20 ,166.00 ,128810.00 
1999-04-01,6199.50 ,4.74 ,4.30 ,165.90 ,128595.00 
1999-03-01,6133.00 ,4.81 ,4.20 ,164.80 ,128233.00 
1999-02-01,6099.20 ,4.76 ,4.40 ,164.70 ,128118.00 
1999-01-01,6073.90 ,4.63 ,4.30 ,164.70 ,127704.00 
1998-12-01,6070.50 ,4.68 ,4.40 ,164.40 ,127598.00 
1998-11-01,6015.40 ,4.83 ,4.40 ,164.10 ,127225.00 
1998-10-01,5998.80 ,5.07 ,4.50 ,163.90 ,126950.00 
1998-09-01,5965.60 ,5.51 ,4.60 ,163.50 ,126745.00 
1998-08-01,5925.00 ,5.55 ,4.50 ,163.40 ,126547.00 
1998-07-01,5890.00 ,5.54 ,4.50 ,163.20 ,126209.00 
1998-06-01,5871.70 ,5.56 ,4.50 ,162.80 ,126077.00 
1998-05-01,5837.90 ,5.49 ,4.40 ,162.60 ,125846.00 
1998-04-01,5788.10 ,5.45 ,4.30 ,162.20 ,125445.00 
1998-03-01,5750.30 ,5.49 ,4.70 ,162.00 ,125164.00 
1998-02-01,5723.80 ,5.51 ,4.60 ,162.00 ,125018.00 
1998-01-01,5689.90 ,5.56 ,4.60 ,162.00 ,124813.00 
1997-12-01,5692.10 ,5.50 ,4.70 ,161.80 ,124551.00 
1997-11-01,5661.10 ,5.52 ,4.60 ,161.70 ,124230.00 
1997-10-01,5637.70 ,5.50 ,4.70 ,161.50 ,123923.00 
1997-09-01,5601.70 ,5.54 ,4.90 ,161.20 ,123577.00 
1997-08-01,5587.00 ,5.54 ,4.80 ,160.80 ,123092.00 
1997-07-01,5548.80 ,5.52 ,4.90 ,160.40 ,123112.00 
1997-06-01,5494.20 ,5.56 ,5.00 ,160.20 ,122816.00 
1997-05-01,5460.20 ,5.50 ,4.90 ,159.90 ,122551.00 
1997-04-01,5459.30 ,5.51 ,5.10 ,159.90 ,122284.00 
1997-03-01,5454.20 ,5.39 ,5.20 ,159.80 ,121989.00 
1997-02-01,5434.00 ,5.19 ,5.20 ,159.70 ,121675.00 
1997-01-01,5411.10 ,5.25 ,5.30 ,159.40 ,121363.00 
1996-12-01,5378.60 ,5.29 ,5.40 ,159.10 ,121145.00 
1996-11-01,5351.20 ,5.31 ,5.40 ,158.70 ,120949.00 
1996-10-01,5328.50 ,5.24 ,5.20 ,158.20 ,120663.00 
1996-09-01,5296.60 ,5.30 ,5.20 ,157.70 ,120402.00 
1996-08-01,5275.00 ,5.22 ,5.10 ,157.20 ,120201.00 
1996-07-01,5251.90 ,5.40 ,5.50 ,157.00 ,120016.00 
1996-06-01,5229.80 ,5.27 ,5.30 ,156.70 ,119770.00 
1996-05-01,5223.80 ,5.24 ,5.60 ,156.40 ,119489.00 
1996-04-01,5208.00 ,5.22 ,5.60 ,156.10 ,119156.00 
1996-03-01,5173.30 ,5.31 ,5.50 ,155.50 ,118990.00 
1996-02-01,5132.80 ,5.22 ,5.50 ,155.00 ,118734.00 
1996-01-01,5085.70 ,5.56 ,5.60 ,154.70 ,118318.00 
1995-12-01,5097.50 ,5.60 ,5.60 ,153.90 ,118325.00 
1995-11-01,5055.60 ,5.80 ,5.60 ,153.70 ,118168.00 
1995-10-01,5013.90 ,5.76 ,5.50 ,153.50 ,118029.00 
1995-09-01,5020.50 ,5.80 ,5.60 ,153.10 ,117880.00 
1995-08-01,5005.30 ,5.74 ,5.70 ,152.90 ,117639.00 
1995-07-01,4970.20 ,5.85 ,5.70 ,152.60 ,117377.00 
1995-06-01,4977.50 ,6.00 ,5.60 ,152.40 ,117286.00 
1995-05-01,4933.10 ,6.01 ,5.60 ,152.10 ,117050.00 
1995-04-01,4890.20 ,6.05 ,5.80 ,151.80 ,117065.00 
1995-03-01,4885.40 ,5.98 ,5.40 ,151.20 ,116907.00 
1995-02-01,4850.80 ,5.92 ,5.40 ,150.90 ,116693.00 
1995-01-01,4851.20 ,5.53 ,5.60 ,150.50 ,116504.00 
1994-12-01,4841.60 ,5.45 ,5.50 ,150.10 ,116176.00 
1994-11-01,4825.60 ,5.29 ,5.60 ,149.80 ,115873.00 
1994-10-01,4812.90 ,4.76 ,5.80 ,149.40 ,115458.00 
1994-09-01,4775.00 ,4.73 ,5.90 ,149.30 ,115253.00 
1994-08-01,4762.60 ,4.47 ,6.00 ,149.00 ,114899.00 
1994-07-01,4720.60 ,4.26 ,6.10 ,148.40 ,114607.00 
1994-06-01,4708.90 ,4.25 ,6.10 ,147.90 ,114237.00 
1994-05-01,4669.50 ,4.01 ,6.10 ,147.50 ,113923.00 
1994-04-01,4671.10 ,3.56 ,6.40 ,147.20 ,113587.00 
1994-03-01,4646.00 ,3.34 ,6.50 ,147.10 ,113240.00 
1994-02-01,4632.60 ,3.25 ,6.60 ,146.70 ,112779.00 
1994-01-01,4585.10 ,3.05 ,6.60 ,146.30 ,112598.00 
1993-12-01,4571.10 ,2.96 ,6.50 ,146.30 ,112324.00 
1993-11-01,4554.10 ,3.02 ,6.60 ,146.00 ,111990.00 
1993-10-01,4532.80 ,2.99 ,6.80 ,145.60 ,111734.00 
1993-09-01,4511.50 ,3.09 ,6.70 ,145.00 ,111454.00 
1993-08-01,4481.10 ,3.03 ,6.80 ,144.80 ,111209.00 
1993-07-01,4468.90 ,3.06 ,6.90 ,144.50 ,111060.00 
1993-06-01,4440.00 ,3.04 ,7.00 ,144.30 ,110751.00 
1993-05-01,4422.40 ,3.00 ,7.10 ,144.20 ,110570.00 
1993-04-01,4393.40 ,2.96 ,7.10 ,143.80 ,110295.00 
1993-03-01,4352.50 ,3.07 ,7.00 ,143.30 ,109992.00 
1993-02-01,4355.30 ,3.03 ,7.10 ,143.10 ,110044.00 
1993-01-01,4340.70 ,3.02 ,7.30 ,142.80 ,109795.00 
1992-12-01,4336.40 ,2.92 ,7.40 ,142.30 ,109500.00 
1992-11-01,4300.50 ,3.09 ,7.40 ,142.10 ,109280.00 
1992-10-01,4284.70 ,3.10 ,7.30 ,141.70 ,109135.00 
1992-09-01,4255.30 ,3.22 ,7.60 ,141.10 ,108954.00 
1992-08-01,4220.90 ,3.30 ,7.60 ,140.80 ,108923.00 
1992-07-01,4204.80 ,3.25 ,7.70 ,140.50 ,108799.00 
1992-06-01,4177.10 ,3.76 ,7.80 ,140.10 ,108717.00 
1992-05-01,4158.40 ,3.82 ,7.60 ,139.70 ,108648.00 
1992-04-01,4131.50 ,3.73 ,7.40 ,139.40 ,108515.00 
1992-03-01,4117.00 ,3.98 ,7.40 ,139.10 ,108361.00 
1992-02-01,4099.50 ,4.06 ,7.40 ,138.60 ,108312.00 
1992-01-01,4084.70 ,4.03 ,7.30 ,138.30 ,108367.00 
1991-12-01,4020.50 ,4.43 ,7.30 ,138.20 ,108330.00 
1991-11-01,4003.60 ,4.81 ,7.00 ,137.80 ,108300.00 
1991-10-01,3976.00 ,5.21 ,7.00 ,137.20 ,108362.00 
1991-09-01,3984.70 ,5.45 ,6.90 ,137.00 ,108333.00 
1991-08-01,3969.10 ,5.66 ,6.90 ,136.60 ,108302.00 
1991-07-01,3966.00 ,5.82 ,6.80 ,136.20 ,108290.00 
1991-06-01,3940.50 ,5.90 ,6.90 ,136.00 ,108338.00 
1991-05-01,3933.20 ,5.78 ,6.90 ,135.60 ,108250.00 
1991-04-01,3907.10 ,5.91 ,6.70 ,135.10 ,108352.00 
1991-03-01,3913.00 ,6.12 ,6.80 ,134.80 ,108569.00 
1991-02-01,3866.70 ,6.25 ,6.60 ,134.80 ,108731.00 
1991-01-01,3841.00 ,6.91 ,6.40 ,134.70 ,109051.00 
1990-12-01,3861.30 ,7.31 ,6.30 ,134.20 ,109168.00 
1990-11-01,3871.90 ,7.81 ,6.20 ,133.70 ,109220.00 
1990-10-01,3870.60 ,8.11 ,5.90 ,133.40 ,109374.00 
1990-09-01,3870.10 ,8.20 ,5.90 ,132.50 ,109520.00 
1990-08-01,3848.30 ,8.13 ,5.70 ,131.60 ,109610.00 
1990-07-01,3821.70 ,8.15 ,5.50 ,130.50 ,109822.00 
1990-06-01,3804.50 ,8.29 ,5.20 ,129.90 ,109857.00 
1990-05-01,3775.80 ,8.18 ,5.40 ,129.10 ,109834.00 
1990-04-01,3770.00 ,8.26 ,5.40 ,128.90 ,109671.00 
1990-03-01,3754.90 ,8.28 ,5.20 ,128.60 ,109637.00 
1990-02-01,3728.20 ,8.24 ,5.30 ,128.00 ,109432.00 
1990-01-01,3730.70 ,8.23 ,5.40 ,127.50 ,109189.00 
1989-12-01,3684.20 ,8.45 ,5.40 ,126.30 ,108836.00 
1989-11-01,3643.30 ,8.55 ,5.40 ,125.90 ,108752.00 
1989-10-01,3633.60 ,8.84 ,5.30 ,125.40 ,108476.00 
1989-09-01,3621.90 ,9.02 ,5.30 ,124.80 ,108369.00 
1989-08-01,3620.60 ,8.99 ,5.20 ,124.50 ,108120.00 
1989-07-01,3585.70 ,9.24 ,5.20 ,124.50 ,108069.00 
1989-06-01,3566.60 ,9.53 ,5.30 ,124.10 ,108027.00 
1989-05-01,3551.80 ,9.81 ,5.20 ,123.70 ,107913.00 
1989-04-01,3543.00 ,9.84 ,5.20 ,123.10 ,107791.00 
1989-03-01,3498.80 ,9.85 ,5.00 ,122.20 ,107621.00 
1989-02-01,3488.00 ,9.36 ,5.20 ,121.60 ,107427.00 
1989-01-01,3483.70 ,9.12 ,5.40 ,121.20 ,107161.00 
1988-12-01,3459.70 ,8.76 ,5.30 ,120.70 ,106898.00 
1988-11-01,3430.20 ,8.35 ,5.30 ,120.30 ,106617.00 
1988-10-01,3413.70 ,8.30 ,5.40 ,119.90 ,106276.00 
1988-09-01,3375.00 ,8.19 ,5.40 ,119.50 ,106013.00 
1988-08-01,3368.00 ,8.01 ,5.60 ,119.00 ,105674.00 
1988-07-01,3342.70 ,7.75 ,5.40 ,118.50 ,105550.00 
1988-06-01,3318.50 ,7.51 ,5.40 ,118.00 ,105326.00 
1988-05-01,3293.60 ,7.09 ,5.60 ,117.50 ,104962.00 
1988-04-01,3263.00 ,6.87 ,5.40 ,117.20 ,104732.00 
1988-03-01,3260.50 ,6.58 ,5.70 ,116.50 ,104489.00 
1988-02-01,3221.40 ,6.58 ,5.70 ,116.20 ,104214.00 
1988-01-01,3213.70 ,6.83 ,5.70 ,116.00 ,103753.00 
1987-12-01,3174.10 ,6.77 ,5.70 ,115.60 ,103661.00 
1987-11-01,3144.20 ,6.69 ,5.80 ,115.40 ,103372.00 
1987-10-01,3134.50 ,7.29 ,6.00 ,115.00 ,103138.00 
1987-09-01,3126.50 ,7.22 ,5.90 ,114.70 ,102647.00 
1987-08-01,3130.80 ,6.73 ,6.00 ,114.30 ,102420.00 
1987-07-01,3094.70 ,6.58 ,6.10 ,113.80 ,102247.00 
1987-06-01,3072.80 ,6.73 ,6.20 ,113.50 ,101900.00 
1987-05-01,3048.40 ,6.85 ,6.30 ,113.00 ,101728.00 
1987-04-01,3038.80 ,6.37 ,6.30 ,112.70 ,101499.00 
1987-03-01,3013.30 ,6.13 ,6.60 ,112.20 ,101164.00 
1987-02-01,3001.70 ,6.10 ,6.60 ,111.80 ,100919.00 
1987-01-01,2935.50 ,6.43 ,6.60 ,111.40 ,100678.00 
1986-12-01,2997.10 ,6.91 ,6.60 ,110.80 ,100509.00 
1986-11-01,2928.40 ,6.04 ,6.90 ,110.40 ,100308.00 
1986-10-01,2932.90 ,5.85 ,7.00 ,110.20 ,100121.00 
1986-09-01,2971.80 ,5.89 ,7.00 ,110.00 ,99934.00 
1986-08-01,2898.60 ,6.17 ,6.90 ,109.60 ,99588.00 
1986-07-01,2881.20 ,6.56 ,7.00 ,109.50 ,99473.00 
1986-06-01,2861.70 ,6.92 ,7.20 ,109.40 ,99155.00 
1986-05-01,2857.50 ,6.85 ,7.20 ,109.00 ,99248.00 
1986-04-01,2835.20 ,6.99 ,7.10 ,108.70 ,99121.00 
1986-03-01,2823.60 ,7.48 ,7.20 ,109.10 ,98934.00 
1986-02-01,2820.20 ,7.86 ,7.20 ,109.70 ,98847.00 
1986-01-01,2827.10 ,8.14 ,6.70 ,109.90 ,98732.00 
1985-12-01,2811.30 ,8.27 ,7.00 ,109.50 ,98609.00 
1985-11-01,2771.10 ,8.05 ,7.00 ,109.00 ,98443.00 
1985-10-01,2755.80 ,7.99 ,7.10 ,108.50 ,98233.00 
1985-09-01,2794.70 ,7.92 ,7.10 ,108.10 ,98045.00 
1985-08-01,2752.10 ,7.90 ,7.10 ,107.90 ,97840.00 
1985-07-01,2715.70 ,7.88 ,7.40 ,107.70 ,97648.00 
1985-06-01,2689.40 ,7.53 ,7.40 ,107.50 ,97459.00 
1985-05-01,2696.40 ,7.97 ,7.20 ,107.20 ,97312.00 
1985-04-01,2659.50 ,8.27 ,7.30 ,107.00 ,97038.00 
1985-03-01,2648.50 ,8.58 ,7.20 ,106.80 ,96842.00 
1985-02-01,2640.80 ,8.50 ,7.20 ,106.30 ,96503.00 
1985-01-01,2618.80 ,8.35 ,7.30 ,105.70 ,96372.00 
1984-12-01,2582.60 ,8.38 ,7.30 ,105.50 ,96107.00 
1984-11-01,2571.40 ,9.43 ,7.20 ,105.30 ,95982.00 
1984-10-01,2531.30 ,9.99 ,7.40 ,105.10 ,95629.00 
1984-09-01,2533.80 ,11.30 ,7.30 ,104.70 ,95344.00 
1984-08-01,2512.20 ,11.64 ,7.50 ,104.40 ,95032.00 
1984-07-01,2494.60 ,11.23 ,7.50 ,104.10 ,94789.00 
1984-06-01,2495.60 ,11.06 ,7.20 ,103.70 ,94479.00 
1984-05-01,2474.50 ,10.32 ,7.40 ,103.50 ,94098.00 
1984-04-01,2457.50 ,10.29 ,7.70 ,103.30 ,93792.00 
1984-03-01,2431.60 ,9.91 ,7.80 ,102.90 ,93429.00 
1984-02-01,2403.50 ,9.59 ,7.80 ,102.60 ,93157.00 
1984-01-01,2419.40 ,9.56 ,8.00 ,102.10 ,92673.00 
1983-12-01,2393.60 ,9.47 ,8.30 ,101.40 ,92230.00 
1983-11-01,2366.30 ,9.34 ,8.50 ,101.10 ,91875.00 
1983-10-01,2357.60 ,9.48 ,8.80 ,100.80 ,91520.00 
1983-09-01,2334.90 ,9.45 ,9.20 ,100.40 ,91247.00 
1983-08-01,2320.40 ,9.56 ,9.50 ,100.10 ,90129.00 
1983-07-01,2304.40 ,9.37 ,9.40 ,99.80 ,90437.00 
1983-06-01,2276.00 ,8.98 ,10.10 ,99.40 ,90021.00 
1983-05-01,2245.90 ,8.63 ,10.10 ,99.20 ,89644.00 
1983-04-01,2226.40 ,8.80 ,10.20 ,98.80 ,89364.00 
1983-03-01,2202.80 ,8.77 ,10.30 ,98.10 ,89090.00 
1983-02-01,2177.00 ,8.51 ,10.40 ,98.00 ,88917.00 
1983-01-01,2174.00 ,8.68 ,10.40 ,97.90 ,88990.00 
1982-12-01,2161.60 ,8.95 ,10.80 ,97.70 ,88771.00 
1982-11-01,2149.30 ,9.20 ,10.80 ,98.00 ,88786.00 
1982-10-01,2125.80 ,9.71 ,10.40 ,98.10 ,88907.00 
1982-09-01,2104.60 ,10.31 ,10.10 ,97.70 ,89183.00 
1982-08-01,2080.10 ,10.12 ,9.80 ,97.70 ,89363.00 
1982-07-01,2072.20 ,12.59 ,9.80 ,97.50 ,89521.00 
1982-06-01,2048.10 ,14.15 ,9.60 ,97.00 ,89865.00 
1982-05-01,2044.50 ,14.45 ,9.40 ,95.90 ,90107.00 
1982-04-01,2026.30 ,14.94 ,9.30 ,95.00 ,90150.00 
1982-03-01,2024.10 ,14.68 ,9.00 ,94.70 ,90434.00 
1982-02-01,2021.20 ,14.78 ,8.90 ,94.70 ,90563.00 
1982-01-01,1997.10 ,13.22 ,8.60 ,94.40 ,90565.00 
1981-12-01,1988.80 ,12.37 ,8.50 ,94.10 ,90895.00 
1981-11-01,1970.60 ,13.31 ,8.30 ,93.80 ,91171.00 
1981-10-01,1963.90 ,15.08 ,7.90 ,93.40 ,91380.00 
1981-09-01,1965.50 ,15.87 ,7.60 ,93.10 ,91477.00 
1981-08-01,1966.60 ,17.82 ,7.40 ,92.20 ,91565.00 
1981-07-01,1942.10 ,19.04 ,7.20 ,91.50 ,91601.00 
1981-06-01,1934.50 ,19.10 ,7.50 ,90.50 ,91490.00 
1981-05-01,1913.80 ,18.52 ,7.50 ,89.70 ,91296.00 
1981-04-01,1904.40 ,15.72 ,7.20 ,89.10 ,91283.00 
1981-03-01,1902.90 ,14.70 ,7.40 ,88.60 ,91210.00 
1981-02-01,1884.20 ,15.93 ,7.40 ,88.00 ,91105.00 
1981-01-01,1870.00 ,19.08 ,7.50 ,87.20 ,91033.00 
1980-12-01,1851.70 ,18.90 ,7.20 ,86.40 ,90943.00 
1980-11-01,1826.80 ,15.85 ,7.50 ,85.60 ,90747.00 
1980-10-01,1817.10 ,12.81 ,7.50 ,84.70 ,90490.00 
1980-09-01,1780.50 ,10.87 ,7.50 ,83.90 ,90213.00 
1980-08-01,1763.80 ,9.61 ,7.70 ,83.20 ,90099.00 
1980-07-01,1747.10 ,9.03 ,7.80 ,82.60 ,89840.00 
1980-06-01,1718.80 ,9.47 ,7.60 ,82.50 ,90101.00 
1980-05-01,1700.10 ,10.98 ,7.50 ,81.70 ,90420.00 
1980-04-01,1695.20 ,17.61 ,6.90 ,80.90 ,90849.00 
1980-03-01,1708.20 ,17.19 ,6.30 ,80.10 ,90994.00 
1980-02-01,1701.40 ,14.13 ,6.30 ,79.00 ,90883.00 
1980-01-01,1697.30 ,13.82 ,6.30 ,78.00 ,90800.00 
1979-12-01,1666.30 ,13.78 ,6.00 ,76.90 ,90672.00 
1979-11-01,1657.30 ,13.18 ,5.90 ,76.00 ,90573.00 
1979-10-01,1641.60 ,13.77 ,6.00 ,75.20 ,90481.00 
1979-09-01,1633.90 ,11.43 ,5.90 ,74.40 ,90327.00 
1979-08-01,1615.60 ,10.94 ,6.00 ,73.70 ,90300.00 
1979-07-01,1586.10 ,10.47 ,5.70 ,73.00 ,90217.00 
1979-06-01,1575.70 ,10.29 ,5.70 ,72.20 ,90108.00 
1979-05-01,1558.80 ,10.24 ,5.60 ,71.40 ,89789.00 
1979-04-01,1538.40 ,10.01 ,5.80 ,70.60 ,89417.00 
1979-03-01,1531.20 ,10.09 ,5.80 ,69.90 ,89479.00 
1979-02-01,1517.80 ,10.06 ,5.90 ,69.20 ,89055.00 
1979-01-01,1502.40 ,10.07 ,5.90 ,68.50 ,88808.00 
1978-12-01,1496.50 ,10.03 ,6.00 ,67.90 ,88671.00 
1978-11-01,1480.60 ,9.76 ,5.90 ,67.50 ,88391.00 
1978-10-01,1466.90 ,8.96 ,5.80 ,67.10 ,87956.00 
1978-09-01,1452.90 ,8.45 ,6.00 ,66.50 ,87621.00 
1978-08-01,1447.00 ,8.04 ,5.90 ,65.90 ,87483.00 
1978-07-01,1426.80 ,7.81 ,6.20 ,65.50 ,87204.00 
1978-06-01,1425.80 ,7.60 ,5.90 ,65.00 ,86950.00 
1978-05-01,1412.00 ,7.36 ,6.00 ,64.50 ,86509.00 
1978-04-01,1396.40 ,6.89 ,6.10 ,63.90 ,86162.00 
1978-03-01,1377.50 ,6.79 ,6.30 ,63.40 ,85460.00 
1978-02-01,1355.10 ,6.78 ,6.30 ,63.00 ,84948.00 
1978-01-01,1329.50 ,6.70 ,6.40 ,62.70 ,84594.00 
1977-12-01,1336.00 ,6.56 ,6.40 ,62.30 ,84410.00 
1977-11-01,1327.00 ,6.51 ,6.80 ,62.00 ,84173.00 
1977-10-01,1311.40 ,6.47 ,6.80 ,61.60 ,83800.00 
1977-09-01,1294.50 ,6.14 ,6.80 ,61.30 ,83532.00 
1977-08-01,1285.70 ,5.90 ,7.00 ,61.10 ,83075.00 
1977-07-01,1280.50 ,5.42 ,6.90 ,60.80 ,82834.00 
1977-06-01,1263.60 ,5.39 ,7.20 ,60.50 ,82488.00 
1977-05-01,1257.10 ,5.35 ,7.00 ,60.20 ,82088.00 
1977-04-01,1247.30 ,4.73 ,7.20 ,60.00 ,81728.00 
1977-03-01,1238.30 ,4.69 ,7.40 ,59.60 ,81391.00 
1977-02-01,1231.30 ,4.68 ,7.60 ,59.30 ,80988.00 
1977-01-01,1215.00 ,4.61 ,7.50 ,58.70 ,80690.00 
1976-12-01,1211.50 ,4.65 ,7.80 ,58.40 ,80448.00 
1976-11-01,1189.00 ,4.95 ,7.80 ,58.10 ,80240.00 
1976-10-01,1176.80 ,5.02 ,7.70 ,57.90 ,79911.00 
1976-09-01,1168.80 ,5.25 ,7.60 ,57.60 ,79892.00 
1976-08-01,1158.00 ,5.29 ,7.80 ,57.30 ,79704.00 
1976-07-01,1149.60 ,5.31 ,7.80 ,57.00 ,79547.00 
1976-06-01,1140.50 ,5.48 ,7.60 ,56.70 ,79376.00 
1976-05-01,1122.70 ,5.29 ,7.40 ,56.40 ,79312.00 
1976-04-01,1125.40 ,4.82 ,7.70 ,56.10 ,79292.00 
1976-03-01,1114.90 ,4.84 ,7.60 ,56.00 ,79048.00 
1976-02-01,1107.70 ,4.77 ,7.70 ,55.90 ,78816.00 
1976-01-01,1107.10 ,4.87 ,7.90 ,55.80 ,78503.00 
1975-12-01,1092.10 ,5.20 ,8.20 ,55.60 ,78017.00 
1975-11-01,1075.80 ,5.22 ,8.30 ,55.30 ,77685.00 
1975-10-01,1060.90 ,5.82 ,8.40 ,54.90 ,77540.00 
1975-09-01,1054.80 ,6.24 ,8.40 ,54.60 ,77228.00 
1975-08-01,1047.00 ,6.14 ,8.40 ,54.20 ,77153.00 
1975-07-01,1039.80 ,6.10 ,8.60 ,54.00 ,76770.00 
1975-06-01,1026.80 ,5.55 ,8.80 ,53.50 ,76521.00 
1975-05-01,1018.90 ,5.22 ,9.00 ,53.10 ,76624.00 
1975-04-01,995.00 ,5.49 ,8.80 ,53.00 ,76460.00 
1975-03-01,990.60 ,5.54 ,8.60 ,52.80 ,76648.00 
1975-02-01,989.40 ,6.24 ,8.10 ,52.60 ,76918.00 
1975-01-01,975.60 ,7.13 ,8.10 ,52.30 ,77293.00 
1974-12-01,961.80 ,8.53 ,7.20 ,51.90 ,77652.00 
1974-11-01,956.20 ,9.45 ,6.60 ,51.50 ,78265.00 
1974-10-01,959.20 ,10.06 ,6.00 ,51.00 ,78630.00 
1974-09-01,955.10 ,11.34 ,5.90 ,50.60 ,78610.00 
1974-08-01,954.80 ,12.01 ,5.50 ,49.90 ,78619.00 
1974-07-01,937.90 ,12.92 ,5.50 ,49.30 ,78636.00 
1974-06-01,928.00 ,11.93 ,5.40 ,49.00 ,78604.00 
1974-05-01,922.40 ,11.31 ,5.10 ,48.60 ,78549.00 
1974-04-01,910.80 ,10.51 ,5.10 ,48.10 ,78382.00 
1974-03-01,901.40 ,9.35 ,5.10 ,47.80 ,78296.00 
1974-02-01,889.70 ,8.97 ,5.20 ,47.30 ,78254.00 
1974-01-01,884.50 ,9.65 ,5.10 ,46.80 ,78100.00 
1973-12-01,876.60 ,9.95 ,4.90 ,46.30 ,78031.00 
1973-11-01,876.90 ,10.03 ,4.80 ,45.90 ,77920.00 
1973-10-01,868.20 ,10.01 ,4.60 ,45.60 ,77607.00 
1973-09-01,869.20 ,10.78 ,4.80 ,45.20 ,77276.00 
1973-08-01,853.30 ,10.50 ,4.80 ,45.00 ,77168.00 
1973-07-01,854.10 ,10.40 ,4.80 ,44.20 ,76913.00 
1973-06-01,844.30 ,8.49 ,4.90 ,44.20 ,76887.00 
1973-05-01,841.60 ,7.84 ,4.90 ,43.90 ,76648.00 
1973-04-01,835.70 ,7.12 ,5.00 ,43.70 ,76455.00 
1973-03-01,832.80 ,7.09 ,4.90 ,43.40 ,76284.00 
1973-02-01,825.80 ,6.58 ,5.00 ,43.00 ,76014.00 
1973-01-01,816.50 ,5.94 ,4.90 ,42.70 ,75617.00 
1972-12-01,806.10 ,5.33 ,5.20 ,42.50 ,75268.00 
1972-11-01,800.50 ,5.06 ,5.30 ,42.40 ,74973.00 
1972-10-01,794.90 ,5.05 ,5.60 ,42.20 ,74674.00 
1972-09-01,781.10 ,4.87 ,5.50 ,42.10 ,74264.00 
1972-08-01,776.30 ,4.81 ,5.60 ,41.90 ,74141.00 
1972-07-01,769.90 ,4.55 ,5.60 ,41.80 ,73709.00 
1972-06-01,761.60 ,4.46 ,5.70 ,41.70 ,73758.00 
1972-05-01,758.00 ,4.27 ,5.70 ,41.60 ,73469.00 
1972-04-01,752.50 ,4.17 ,5.70 ,41.50 ,73162.00 
1972-03-01,749.20 ,3.83 ,5.80 ,41.40 ,72944.00 
1972-02-01,736.20 ,3.30 ,5.70 ,41.40 ,72648.00 
1972-01-01,731.50 ,3.51 ,5.80 ,41.20 ,72441.00 
1971-12-01,728.40 ,4.14 ,6.00 ,41.10 ,72109.00 
1971-11-01,720.90 ,4.91 ,6.00 ,41.00 ,71847.00 
1971-10-01,715.80 ,5.20 ,5.80 ,40.90 ,71642.00 
1971-09-01,713.00 ,5.55 ,6.00 ,40.80 ,71614.00 
1971-08-01,704.90 ,5.57 ,6.10 ,40.70 ,71373.00 
1971-07-01,698.90 ,5.31 ,6.00 ,40.60 ,71315.00 
1971-06-01,699.80 ,4.91 ,5.90 ,40.50 ,71254.00 
1971-05-01,691.10 ,4.63 ,5.90 ,40.30 ,71247.00 
1971-04-01,688.80 ,4.16 ,5.90 ,40.10 ,71036.00 
1971-03-01,682.00 ,3.71 ,6.00 ,40.00 ,70860.00 
1971-02-01,679.40 ,3.72 ,5.90 ,39.90 ,70807.00 
1971-01-01,676.10 ,4.14 ,5.90 ,39.90 ,70865.00 
1970-12-01,665.60 ,4.90 ,6.10 ,39.80 ,70792.00 
1970-11-01,656.60 ,5.60 ,5.90 ,39.60 ,70409.00 
1970-10-01,658.30 ,6.20 ,5.50 ,39.40 ,70521.00 
1970-09-01,659.10 ,6.29 ,5.40 ,39.20 ,70944.00 
1970-08-01,652.90 ,6.62 ,5.10 ,39.00 ,70937.00 
1970-07-01,648.50 ,7.21 ,5.00 ,38.90 ,71053.00 
1970-06-01,646.30 ,7.61 ,4.90 ,38.80 ,71029.00 
1970-05-01,642.40 ,7.95 ,4.80 ,38.60 ,71124.00 
1970-04-01,636.00 ,8.10 ,4.60 ,38.50 ,71348.00 
1970-03-01,632.30 ,7.76 ,4.40 ,38.30 ,71451.00 
1970-02-01,634.00 ,8.98 ,4.20 ,38.10 ,71305.00 
1970-01-01,628.70 ,8.98 ,3.90 ,37.90 ,71176.00 
1969-12-01,622.80 ,8.97 ,3.50 ,37.70 ,71241.00 
1969-11-01,620.50 ,8.85 ,3.50 ,37.50 ,71086.00 
1969-10-01,618.50 ,9.00 ,3.70 ,37.30 ,71121.00 
1969-09-01,613.20 ,9.15 ,3.70 ,37.10 ,70914.00 
1969-08-01,609.90 ,9.19 ,3.50 ,36.90 ,71008.00 
1969-07-01,602.70 ,8.61 ,3.50 ,36.80 ,70729.00 
1969-06-01,600.90 ,8.90 ,3.50 ,36.60 ,70636.00 
1969-05-01,600.30 ,8.67 ,3.40 ,36.40 ,70328.00 
1969-04-01,593.90 ,7.41 ,3.40 ,36.30 ,70072.00 
1969-03-01,588.90 ,6.79 ,3.40 ,36.10 ,69905.00 
1969-02-01,588.70 ,6.61 ,3.40 ,35.80 ,69699.00 
1969-01-01,583.50 ,6.30 ,3.40 ,35.70 ,69439.00 
1968-12-01,576.50 ,6.02 ,3.40 ,35.60 ,69248.00 
1968-11-01,576.70 ,5.82 ,3.40 ,35.40 ,68984.00 
1968-10-01,571.60 ,5.91 ,3.40 ,35.30 ,68721.00 
1968-09-01,568.20 ,5.78 ,3.40 ,35.10 ,68484.00 
1968-08-01,567.00 ,6.03 ,3.50 ,35.00 ,68330.00 
1968-07-01,563.20 ,6.03 ,3.70 ,34.90 ,68126.00 
1968-06-01,556.30 ,6.07 ,3.70 ,34.70 ,67905.00 
1968-05-01,549.80 ,6.12 ,3.50 ,34.50 ,67652.00 
1968-04-01,544.00 ,5.76 ,3.50 ,34.40 ,67556.00 
1968-03-01,544.30 ,5.05 ,3.70 ,34.30 ,67295.00 
1968-02-01,533.60 ,4.71 ,3.80 ,34.20 ,67215.00 
1968-01-01,530.90 ,4.61 ,3.70 ,34.10 ,66804.00 
1967-12-01,525.10 ,4.51 ,3.80 ,34.00 ,66900.00 
1967-11-01,517.40 ,4.13 ,3.90 ,33.90 ,66703.00 
1967-10-01,512.20 ,3.88 ,4.00 ,33.70 ,66225.00 
1967-09-01,515.60 ,3.99 ,3.80 ,33.60 ,66164.00 
1967-08-01,509.80 ,3.90 ,3.80 ,33.50 ,66143.00 
1967-07-01,506.70 ,3.79 ,3.80 ,33.40 ,65888.00 
1967-06-01,506.80 ,3.98 ,3.90 ,33.30 ,65750.00 
1967-05-01,502.20 ,3.94 ,3.80 ,33.10 ,65620.00 
1967-04-01,501.30 ,4.05 ,3.80 ,33.10 ,65466.00 
1967-03-01,495.80 ,4.53 ,3.80 ,33.00 ,65530.00 
1967-02-01,493.00 ,5.00 ,3.80 ,33.00 ,65429.00 
1967-01-01,494.20 ,4.94 ,3.90 ,32.90 ,65407.00 
1966-12-01,491.80 ,5.40 ,3.80 ,32.92 ,65199.00 
1966-11-01,490.10 ,5.76 ,3.60 ,32.88 ,65019.00 
1966-10-01,488.30 ,5.53 ,3.70 ,32.85 ,64854.00 
1966-09-01,489.20 ,5.40 ,3.70 ,32.75 ,64643.00 
1966-08-01,483.20 ,5.53 ,3.80 ,32.65 ,64507.00 
1966-07-01,480.60 ,5.30 ,3.80 ,32.45 ,64301.00 
1966-06-01,475.50 ,5.17 ,3.80 ,32.38 ,64111.00 
1966-05-01,473.10 ,4.90 ,3.90 ,32.35 ,63712.00 
1966-04-01,476.90 ,4.67 ,3.80 ,32.28 ,63437.00 
1966-03-01,475.00 ,4.66 ,3.80 ,32.18 ,63192.00 
1966-02-01,470.20 ,4.60 ,3.80 ,32.08 ,62796.00 
1966-01-01,465.20 ,4.42 ,4.00 ,31.88 ,62529.00 
1965-12-01,461.70 ,4.32 ,4.00 ,31.85 ,62322.00 
1965-11-01,459.10 ,4.10 ,4.10 ,31.75 ,61996.00 
1965-10-01,458.50 ,4.08 ,4.20 ,31.65 ,61719.00 
1965-09-01,452.00 ,4.02 ,4.30 ,31.62 ,61490.00 
1965-08-01,444.40 ,4.12 ,4.40 ,31.55 ,61228.00 
1965-07-01,441.00 ,4.09 ,4.40 ,31.58 ,60965.00 
1965-06-01,435.20 ,4.05 ,4.60 ,31.61 ,60690.00 
1965-05-01,437.60 ,4.10 ,4.60 ,31.48 ,60491.00 
1965-04-01,437.10 ,4.09 ,4.80 ,31.38 ,60259.00 
1965-03-01,433.30 ,4.05 ,4.70 ,31.31 ,60003.00 
1965-02-01,431.40 ,3.98 ,5.10 ,31.28 ,59800.00 
1965-01-01,424.40 ,3.90 ,4.90 ,31.28 ,59582.00 
1964-12-01,421.00 ,3.85 ,5.00 ,31.25 ,59421.00 
1964-11-01,416.40 ,3.52 ,4.80 ,31.21 ,59218.00 
1964-10-01,419.60 ,3.36 ,5.10 ,31.12 ,58793.00 
1964-09-01,416.60 ,3.45 ,5.10 ,31.08 ,58903.00 
1964-08-01,417.70 ,3.50 ,5.00 ,31.05 ,58619.00 
1964-07-01,414.90 ,3.42 ,4.90 ,31.02 ,58412.00 
1964-06-01,411.40 ,3.50 ,5.20 ,31.01 ,58219.00 
1964-05-01,408.40 ,3.50 ,5.10 ,30.98 ,58089.00 
1964-04-01,402.80 ,3.47 ,5.30 ,30.95 ,57922.00 
1964-03-01,401.80 ,3.43 ,5.40 ,30.94 ,57897.00 
1964-02-01,400.20 ,3.48 ,5.40 ,30.91 ,57753.00 
1964-01-01,396.80 ,3.48 ,5.60 ,30.94 ,57487.00 
1963-12-01,394.70 ,3.38 ,5.50 ,30.88 ,57361.00 
1963-11-01,389.40 ,3.48 ,5.70 ,30.78 ,57255.00 
1963-10-01,386.00 ,3.50 ,5.50 ,30.75 ,57283.00 
1963-09-01,385.50 ,3.48 ,5.50 ,30.72 ,57078.00 
1963-08-01,386.30 ,3.49 ,5.40 ,30.75 ,56910.00 
1963-07-01,384.40 ,3.02 ,5.60 ,30.69 ,56794.00 
1963-06-01,381.70 ,2.99 ,5.60 ,30.61 ,56659.00 
1963-05-01,377.20 ,3.00 ,5.90 ,30.51 ,56616.00 
1963-04-01,376.40 ,2.90 ,5.70 ,30.48 ,56580.00 
1963-03-01,375.00 ,2.98 ,5.70 ,30.51 ,56320.00 
1963-02-01,373.40 ,3.00 ,5.90 ,30.48 ,56230.00 
1963-01-01,374.40 ,2.92 ,5.70 ,30.44 ,56115.00 
1962-12-01,373.60 ,2.93 ,5.50 ,30.38 ,56028.00 
1962-11-01,371.70 ,2.94 ,5.70 ,30.38 ,56056.00 
1962-10-01,366.50 ,2.90 ,5.40 ,30.38 ,56041.00 
1962-09-01,368.80 ,2.90 ,5.60 ,30.42 ,55978.00 
1962-08-01,362.90 ,2.93 ,5.70 ,30.28 ,55838.00 
1962-07-01,361.40 ,2.71 ,5.40 ,30.22 ,55746.00 
1962-06-01,360.40 ,2.68 ,5.50 ,30.21 ,55644.00 
1962-05-01,362.00 ,2.36 ,5.50 ,30.24 ,55628.00 
1962-04-01,359.00 ,2.78 ,5.60 ,30.21 ,55602.00 
1962-03-01,357.40 ,2.85 ,5.60 ,30.17 ,55275.00 
1962-02-01,354.00 ,2.37 ,5.50 ,30.11 ,55188.00 
1962-01-01,353.20 ,2.15 ,5.80 ,30.04 ,54891.00 
1961-12-01,352.40 ,2.33 ,6.00 ,30.01 ,54872.00 
1961-11-01,349.90 ,2.61 ,6.10 ,29.98 ,54742.00 
1961-10-01,346.50 ,2.26 ,6.50 ,29.98 ,54522.00 
1961-09-01,344.40 ,1.88 ,6.70 ,29.98 ,54388.00 
1961-08-01,342.10 ,2.00 ,6.60 ,29.94 ,54298.00 
1961-07-01,340.60 ,1.17 ,7.00 ,29.92 ,54123.00 
1961-06-01,340.90 ,1.73 ,6.90 ,29.84 ,53977.00 
1961-05-01,339.90 ,1.98 ,7.10 ,29.84 ,53786.00 
1961-04-01,337.60 ,1.49 ,7.00 ,29.81 ,53627.00 
1961-03-01,337.70 ,2.02 ,6.90 ,29.84 ,53659.00 
1961-02-01,333.70 ,2.54 ,6.90 ,29.84 ,53557.00 
1961-01-01,332.20 ,1.45 ,6.60 ,29.84 ,53683.00 
1960-12-01,331.30 ,1.98 ,6.60 ,29.81 ,53742.00 
1960-11-01,335.40 ,2.44 ,6.10 ,29.78 ,53961.00 
1960-10-01,335.40 ,2.47 ,6.10 ,29.75 ,54142.00 
1960-09-01,333.40 ,2.60 ,5.50 ,29.61 ,54227.00 
1960-08-01,331.60 ,2.98 ,5.60 ,29.61 ,54272.00 
1960-07-01,331.40 ,3.23 ,5.50 ,29.55 ,54306.00 
1960-06-01,330.10 ,3.32 ,5.40 ,29.61 ,54348.00 
1960-05-01,330.00 ,3.85 ,5.10 ,29.57 ,54475.00 
1960-04-01,336.50 ,3.92 ,5.20 ,29.54 ,54813.00 
1960-03-01,330.20 ,3.84 ,5.40 ,29.41 ,54454.00 
1960-02-01,325.30 ,3.97 ,4.80 ,29.41 ,54513.00 
1960-01-01,323.60 ,3.99 ,5.20 ,29.37 ,54274.00 
1959-12-01,322.90 ,3.99 ,5.30 ,29.41 ,54174.00 
1959-11-01,322.90 ,4.00 ,5.80 ,29.35 ,53634.00 
1959-10-01,322.80 ,3.98 ,5.70 ,29.35 ,53358.00 
1959-09-01,324.20 ,3.76 ,5.50 ,29.25 ,53428.00 
1959-08-01,320.20 ,3.50 ,5.20 ,29.18 ,53336.00 
1959-07-01,317.80 ,3.47 ,5.10 ,29.15 ,53804.00 
1959-06-01,318.20 ,3.39 ,5.00 ,29.11 ,53681.00 
1959-05-01,316.10 ,2.90 ,5.10 ,29.04 ,53550.00 
1959-04-01,312.20 ,2.96 ,5.20 ,28.98 ,53321.00 
1959-03-01,312.70 ,2.80 ,5.60 ,28.97 ,53014.00 
1959-02-01,309.60 ,2.43 ,5.90 ,29.00 ,52688.00 
1959-01-01,306.10 ,2.48 ,6.00 ,29.01 ,52478.00 
